803720687928086528,Fiesta tweet on iPhone ðŸ‘Œ,Positive
803720689622650880,If no usage description key for camera/photos/contacts/etc in info.plist  app will crash. And build wonâ€™t show up in itunesconnect. #ios,Positive
803720700443824128,Radical changes could be in store for #Apple's latest iPhone. Read more: $AAPL,Positive
803720701064593408,#Apple Certain Macs from 2009 to 2011 will become obsolete by years end. Read more: $AAPL,Positive
803720701014216704,#Apple to End Support for Several Aging Macs by Year's End. Read more: $AAPL,Positive
803720700406169600,adam levine hd Wallpaper 2 #Iphone #Walpaper #AdamLevine #Adam #Hd #Levine,Positive
803720703543427072,Now Playing J Cole - Any Given Sunday EP #1 Hosted by Roc Nation via @DatPiff's iOS App D,Positive
803720704424378368,AT&amp;T to throttle streaming video next year with new Â‘Stream SaverÂ’ feature #iPhone,Positive
803720705078534144,iPhone 7 International Giveaway @tabtimes #giveaway,Positive
803720705221140480,Why Content Is Awesome For Nurturing Leads In All Stages of The Sales Cycle #marketing,Positive
803720707859300352,@TinyMathieu you just won a free ipad #ohshit,Positive
803720707926622208,How do you maintain an #iOS app through build configurations and schemes? #iosdev #xcode 1,Positive
803720711185436673,New plane in my Airport City: Turboprop! #iphone #gameinsight,Positive
803720710778712064,Why Content Is Awesome For Nurturing Leads In All Stages of The Sales Cycle #marketing,Positive
803720716407410688,Why Content Is Awesome For Nurturing Leads In All Stages of The Sales Cycle #marketing,Positive
803720716835323908,Apple to pay for iMac hinge repairs  issue refunds for work already completed #Gadgets,Positive
803720720509501444,Hurray! I've completed the 'Any Which Way' quest in Mystery Manor game! #ipad #ipadgames #gameinsight,Positive
803720724666077184,Finally  waited so long for this computer! #MacBookPro,Positive
803720734182871040,#news The #Clash #apple-FBI  it all started with #ios 8!,Positive
803720741728428032,#news Notifications come from the richest for Twitter for #ios,Positive
803720743754219520,I have completed the quest 'Fulfill 5 wishes i...' in the #iPhone game The Tribez. #iphonegames  #gameinsight,Positive
803720745046130688,Designer are looking for new projects #iphone #ios #design #designer #dribbble #sketch #freelance #usa #russia #job,Positive
803720744333148160,Hurray! I've completed the 'Something Clogged the Pipes' quest in Mystery Manor game! #ipad #ipadgames #gameinsight,Positive
