805653559937236992,Eclipse: New Dawn for the Galaxy #Games #Strategy #iPad App *****...,Positive
805653564232237056,Will Proto-Putty Save an iPhone7 from a 100ft Drop? via @YouTube #7MIL,Positive
805653564840431616,#iphone #style #giftcard #newdeals #win #santa #christmas #blackfriday New 2016 GSM…,Positive
805653568816549888,Video LUT #iPad - 3D LUT Color Grading for Video Photo &amp;... #photovideo,Positive
805653569378676740,Multiball Pinball HD #Games #Action #iPad App **** $0.99 -&gt; FREE...,Positive
805653575019864064,【HOT】 #shopping PP103 Cute case for iPad,Positive
805653578379628544,#miley cyrus giving a blowjob apple bottom fucking,Positive
805653578954092544,【15% OFF】 #Phonecase PP108 Cute case for iPad 8,Positive
805653579965014016,Update #edtech 8 Good Educational Web Tools Free Today - December 4  2016 Below are some good iPad apps that ar...,Positive
805653588097769472,#1: BRG Apple Watch Band Milanese Loop with Fully Magnetic Closure Clasp Mesh Stainless Steel iWatch Band Brace...,Positive
805653588223594496,#2: Macbook Charger  L-Tip 60W Power Adapter Charger for MacBook and 13inch MacBook Pro,Positive
